{
  "credit-risk-scorer": [
    0.7034596180695236,
    0.0,
    0.0,
    0.0,
    0.0,
    0.0,
    0.0,
    0.0,
    0.0,
    0.2965403819304763
  ],
  "fraud-signal-detector": [
    0.787287915000355,
    0.0,
    0.0,
    0.0,
    0.0,
    0.0,
    0.0,
    0.0,
    0.0,
    0.21271208499964506
  ]
}